{
  "p50_total_ms": 22959.738199999265,
  "p95_total_ms": 41398.12460000394,
  "per_query_total_ms": {
    "q1": 24999.923399998806,
    "q2": 34196.18089999858,
    "q3": 19124.96480000118,
    "q4": 10602.527700000792,
    "q5": 80053.09280000074,
    "q6": 22959.738199999265,
    "q7": 22460.159499998554,
    "q8": 31290.43300000194,
    "q9": 12955.355500002042,
    "q10": 28867.888299995684,
    "q11": 22323.97260000289,
    "q12": 12880.769600000349,
    "q13": 28716.65779999603,
    "q14": 41398.12460000394
  },
  "per_stage_ms": {
    "q1": {
      "index_ms": 0.004599998646881431,
      "candidate_ms": 0.7461999994120561,
      "evidence_ms": 1.9947999971918762,
      "generation_ms": 24997.1727000011,
      "total_ms": 24999.923399998806
    },
    "q2": {
      "index_ms": 0.0031000017770566046,
      "candidate_ms": 0.4881999993813224,
      "evidence_ms": 1.4840000003459863,
      "generation_ms": 34194.20320000063,
      "total_ms": 34196.18089999858
    },
    "q3": {
      "index_ms": 0.0021000014385208488,
      "candidate_ms": 0.5699000030290335,
      "evidence_ms": 1.8497000055504031,
      "generation_ms": 19122.54089999624,
      "total_ms": 19124.96480000118
    },
    "q4": {
      "index_ms": 0.0017999991541728377,
      "candidate_ms": 0.45819999650120735,
      "evidence_ms": 1.5184000003500842,
      "generation_ms": 10600.54659999878,
      "total_ms": 10602.527700000792
    },
    "q5": {
      "index_ms": 0.0036999990697950125,
      "candidate_ms": 1.1035999996238388,
      "evidence_ms": 2.906299996539019,
      "generation_ms": 80049.07580000145,
      "total_ms": 80053.09280000074
    },
    "q6": {
      "index_ms": 0.0017999991541728377,
      "candidate_ms": 0.47679999988758937,
      "evidence_ms": 1.6287000034935772,
      "generation_ms": 22957.62829999876,
      "total_ms": 22959.738199999265
    },
    "q7": {
      "index_ms": 0.0026000052457675338,
      "candidate_ms": 0.7177000006777234,
      "evidence_ms": 2.251300000352785,
      "generation_ms": 22457.183599995915,
      "total_ms": 22460.159499998554
    },
    "q8": {
      "index_ms": 0.0017999991541728377,
      "candidate_ms": 0.4419999968376942,
      "evidence_ms": 1.4279000024544075,
      "generation_ms": 31288.5596000051,
      "total_ms": 31290.43300000194
    },
    "q9": {
      "index_ms": 0.0017999991541728377,
      "candidate_ms": 0.44779999734601006,
      "evidence_ms": 1.4937999949324876,
      "generation_ms": 12953.409800000372,
      "total_ms": 12955.355500002042
    },
    "q10": {
      "index_ms": 0.0022000021999701858,
      "candidate_ms": 0.5178999999770895,
      "evidence_ms": 1.82459999632556,
      "generation_ms": 28865.541499995743,
      "total_ms": 28867.888299995684
    },
    "q11": {
      "index_ms": 0.0021000014385208488,
      "candidate_ms": 0.4778000002261251,
      "evidence_ms": 1.5917999990051612,
      "generation_ms": 22321.89880000078,
      "total_ms": 22323.97260000289
    },
    "q12": {
      "index_ms": 0.0025999979698099196,
      "candidate_ms": 0.7551000016974285,
      "evidence_ms": 2.420600001642015,
      "generation_ms": 12877.58870000107,
      "total_ms": 12880.769600000349
    },
    "q13": {
      "index_ms": 0.0017999991541728377,
      "candidate_ms": 0.45620000310009345,
      "evidence_ms": 1.4833000022917986,
      "generation_ms": 28714.71449999808,
      "total_ms": 28716.65779999603
    },
    "q14": {
      "index_ms": 0.0018999999156221747,
      "candidate_ms": 0.5070999977760948,
      "evidence_ms": 1.6545999969821423,
      "generation_ms": 41395.95879999979,
      "total_ms": 41398.12460000394
    }
  }
}