{
  "p50_total_ms": 15736.389700003201,
  "p95_total_ms": 47345.82889999729,
  "per_query_total_ms": {
    "q1": 14895.585300000675,
    "q2": 15047.135900000285,
    "q3": 15736.389700003201,
    "q4": 60909.970100001374,
    "q5": 47345.82889999729,
    "q6": 42407.58690000075,
    "q7": 24080.43500000349,
    "q8": 13487.512600004266,
    "q9": 14541.85359999974,
    "q10": 21471.554900002957,
    "q11": 16597.61819999403,
    "q12": 14341.43070000573,
    "q13": 24307.293899997603,
    "q14": 11850.978900001792
  },
  "per_stage_ms": {
    "q1": {
      "index_ms": 0.0036999990697950125,
      "candidate_ms": 1.6219000026467256,
      "evidence_ms": 4.574699996737763,
      "generation_ms": 14889.376899998751,
      "total_ms": 14895.585300000675
    },
    "q2": {
      "index_ms": 0.012299999070819467,
      "candidate_ms": 8.002599999599624,
      "evidence_ms": 3.5765000066021457,
      "generation_ms": 15035.53649999958,
      "total_ms": 15047.135900000285
    },
    "q3": {
      "index_ms": 0.0018999999156221747,
      "candidate_ms": 1.5347000007750466,
      "evidence_ms": 3.4426000056555495,
      "generation_ms": 15731.405699996685,
      "total_ms": 15736.389700003201
    },
    "q4": {
      "index_ms": 0.008800001523923129,
      "candidate_ms": 7.813999996869825,
      "evidence_ms": 13.906399995903485,
      "generation_ms": 60888.23140000022,
      "total_ms": 60909.970100001374
    },
    "q5": {
      "index_ms": 0.008199996955227107,
      "candidate_ms": 7.71800000075018,
      "evidence_ms": 13.103000004775822,
      "generation_ms": 47324.992900001234,
      "total_ms": 47345.82889999729
    },
    "q6": {
      "index_ms": 0.0020000006770715117,
      "candidate_ms": 1.6390000018873252,
      "evidence_ms": 4.3701999966287985,
      "generation_ms": 42401.57310000359,
      "total_ms": 42407.58690000075
    },
    "q7": {
      "index_ms": 0.0022000021999701858,
      "candidate_ms": 1.4665999988210388,
      "evidence_ms": 4.011000004538801,
      "generation_ms": 24074.950300004275,
      "total_ms": 24080.43500000349
    },
    "q8": {
      "index_ms": 0.007599999662488699,
      "candidate_ms": 7.399200003419537,
      "evidence_ms": 12.705599998298567,
      "generation_ms": 13467.393299994,
      "total_ms": 13487.512600004266
    },
    "q9": {
      "index_ms": 0.0017999991541728377,
      "candidate_ms": 1.239600002008956,
      "evidence_ms": 3.5887999983970076,
      "generation_ms": 14537.021299998742,
      "total_ms": 14541.85359999974
    },
    "q10": {
      "index_ms": 0.0025000044843181968,
      "candidate_ms": 1.6788000066298991,
      "evidence_ms": 4.170799998973962,
      "generation_ms": 21465.700000000652,
      "total_ms": 21471.554900002957
    },
    "q11": {
      "index_ms": 0.0027999994927085936,
      "candidate_ms": 2.143000005162321,
      "evidence_ms": 5.71749999653548,
      "generation_ms": 16589.751700004854,
      "total_ms": 16597.61819999403
    },
    "q12": {
      "index_ms": 0.0032000025385059416,
      "candidate_ms": 2.4587999942013994,
      "evidence_ms": 6.521100003737956,
      "generation_ms": 14332.44410000043,
      "total_ms": 14341.43070000573
    },
    "q13": {
      "index_ms": 0.0029000002541579306,
      "candidate_ms": 2.158199997211341,
      "evidence_ms": 5.355000001145527,
      "generation_ms": 24299.7716999962,
      "total_ms": 24307.293899997603
    },
    "q14": {
      "index_ms": 0.01080000220099464,
      "candidate_ms": 2.7498999988893047,
      "evidence_ms": 3.5231999936513603,
      "generation_ms": 11844.69209999952,
      "total_ms": 11850.978900001792
    }
  }
}