{
  "p50_total_ms": 13234.074500000133,
  "p95_total_ms": 17103.032500000154,
  "per_query_total_ms": {
    "q1": 15054.883899999822,
    "q2": 8936.248400000295,
    "q3": 9748.643999999786,
    "q4": 16262.929100000292,
    "q5": 36834.45729999994,
    "q6": 17103.032500000154,
    "q7": 14553.20619999975,
    "q8": 16625.47779999977,
    "q9": 8885.55550000001,
    "q10": 11516.837499999838,
    "av-1": 12586.77650000027,
    "av-2": 13234.074500000133,
    "av-3": 10993.265099999917
  },
  "per_stage_ms": {
    "q1": {
      "index_ms": 122.93579999959547,
      "candidate_ms": 2.491799999916111,
      "evidence_ms": 0.34839999989344506,
      "generation_ms": 14929.101400000036,
      "total_ms": 15054.883899999822
    },
    "q2": {
      "index_ms": 65.32730000026277,
      "candidate_ms": 1.7485000003034656,
      "evidence_ms": 0.22629999966738978,
      "generation_ms": 8868.941299999733,
      "total_ms": 8936.248400000295
    },
    "q3": {
      "index_ms": 7.586499999888474,
      "candidate_ms": 2.9576000001725333,
      "evidence_ms": 0.32909999981711735,
      "generation_ms": 9737.76480000015,
      "total_ms": 9748.643999999786
    },
    "q4": {
      "index_ms": 4.253699999935634,
      "candidate_ms": 1.9941999998991378,
      "evidence_ms": 0.24410000014540856,
      "generation_ms": 16256.433900000047,
      "total_ms": 16262.929100000292
    },
    "q5": {
      "index_ms": 3.700600000229315,
      "candidate_ms": 1.598300000296149,
      "evidence_ms": 0.20570000015140977,
      "generation_ms": 36828.947799999696,
      "total_ms": 36834.45729999994
    },
    "q6": {
      "index_ms": 10.670199999822216,
      "candidate_ms": 3.485599999748956,
      "evidence_ms": 0.3806999998232641,
      "generation_ms": 17088.48829999988,
      "total_ms": 17103.032500000154
    },
    "q7": {
      "index_ms": 11.74799999989773,
      "candidate_ms": 3.2436999999845284,
      "evidence_ms": 0.3775999998651969,
      "generation_ms": 14537.83139999996,
      "total_ms": 14553.20619999975
    },
    "q8": {
      "index_ms": 11.035399999855144,
      "candidate_ms": 4.131599999709579,
      "evidence_ms": 0.425100000029488,
      "generation_ms": 16609.8778999999,
      "total_ms": 16625.47779999977
    },
    "q9": {
      "index_ms": 10.588600000119186,
      "candidate_ms": 4.390300000068237,
      "evidence_ms": 0.4548000001705077,
      "generation_ms": 8870.115299999725,
      "total_ms": 8885.55550000001
    },
    "q10": {
      "index_ms": 4.1376999997737585,
      "candidate_ms": 1.8723999996836937,
      "evidence_ms": 0.22829999988971394,
      "generation_ms": 11510.59430000032,
      "total_ms": 11516.837499999838
    },
    "av-1": {
      "index_ms": 11.039800000162359,
      "candidate_ms": 3.618000000187749,
      "evidence_ms": 0.4116000000067288,
      "generation_ms": 12571.701500000017,
      "total_ms": 12586.77650000027
    },
    "av-2": {
      "index_ms": 5.546900000354071,
      "candidate_ms": 2.624000000196247,
      "evidence_ms": 0.34009999990303186,
      "generation_ms": 13225.557899999785,
      "total_ms": 13234.074500000133
    },
    "av-3": {
      "index_ms": 5.473299999721348,
      "candidate_ms": 2.540599999974802,
      "evidence_ms": 0.34580000010464573,
      "generation_ms": 10984.899399999904,
      "total_ms": 10993.265099999917
    }
  }
}