{
  "p50_total_ms": 13468.272799997067,
  "p95_total_ms": 25460.462600000028,
  "per_query_total_ms": {
    "q1": 13468.272799997067,
    "q2": 13483.53810000117,
    "q3": 9548.75990000437,
    "q4": 13895.293399997172,
    "q5": 30689.190600001893,
    "q6": 25460.462600000028,
    "q7": 16326.079200000095,
    "q8": 15949.923400003172,
    "q9": 9074.629800001276,
    "q10": 15108.354000003601,
    "q11": 12742.743100003281,
    "q12": 11739.917799997784,
    "q13": 12980.622900002345,
    "q14": 8476.125199995295
  },
  "per_stage_ms": {
    "q1": {
      "index_ms": 74.5353000020259,
      "candidate_ms": 1.9354999967617914,
      "evidence_ms": 0.3080000024056062,
      "generation_ms": 13391.488900000695,
      "total_ms": 13468.272799997067
    },
    "q2": {
      "index_ms": 50.75599999690894,
      "candidate_ms": 1.3688999970327131,
      "evidence_ms": 0.17420000222045928,
      "generation_ms": 13431.235500000184,
      "total_ms": 13483.53810000117
    },
    "q3": {
      "index_ms": 3.566800005501136,
      "candidate_ms": 1.6487999964738265,
      "evidence_ms": 0.20670000230893493,
      "generation_ms": 9543.33190000034,
      "total_ms": 9548.75990000437
    },
    "q4": {
      "index_ms": 13.881999999284744,
      "candidate_ms": 3.5710000011022203,
      "evidence_ms": 0.40979999903356656,
      "generation_ms": 13877.425700004096,
      "total_ms": 13895.293399997172
    },
    "q5": {
      "index_ms": 3.8688999993610196,
      "candidate_ms": 1.68419999681646,
      "evidence_ms": 0.20940000104019418,
      "generation_ms": 30683.42300000222,
      "total_ms": 30689.190600001893
    },
    "q6": {
      "index_ms": 9.775200000149198,
      "candidate_ms": 3.198300000804011,
      "evidence_ms": 0.3589999978430569,
      "generation_ms": 25447.123599995393,
      "total_ms": 25460.462600000028
    },
    "q7": {
      "index_ms": 3.538900004059542,
      "candidate_ms": 1.396999999997206,
      "evidence_ms": 0.17130000196630135,
      "generation_ms": 16320.967899999232,
      "total_ms": 16326.079200000095
    },
    "q8": {
      "index_ms": 10.106699999596458,
      "candidate_ms": 3.569799999240786,
      "evidence_ms": 0.4029000047012232,
      "generation_ms": 15935.83629999921,
      "total_ms": 15949.923400003172
    },
    "q9": {
      "index_ms": 13.537200000428129,
      "candidate_ms": 3.4594999960972928,
      "evidence_ms": 0.39570000080857426,
      "generation_ms": 9057.232300001488,
      "total_ms": 9074.629800001276
    },
    "q10": {
      "index_ms": 4.361400002380833,
      "candidate_ms": 1.9616999998106621,
      "evidence_ms": 0.2364999963901937,
      "generation_ms": 15101.790199994866,
      "total_ms": 15108.354000003601
    },
    "q11": {
      "index_ms": 7.572000002255663,
      "candidate_ms": 3.435699996771291,
      "evidence_ms": 0.33850000181701034,
      "generation_ms": 12731.389100001252,
      "total_ms": 12742.743100003281
    },
    "q12": {
      "index_ms": 13.267900001665112,
      "candidate_ms": 3.587499995774124,
      "evidence_ms": 0.37480000173673034,
      "generation_ms": 11722.678599995561,
      "total_ms": 11739.917799997784
    },
    "q13": {
      "index_ms": 15.491199999814853,
      "candidate_ms": 3.6796999993384816,
      "evidence_ms": 0.4450999986147508,
      "generation_ms": 12960.998599999584,
      "total_ms": 12980.622900002345
    },
    "q14": {
      "index_ms": 10.305599993444048,
      "candidate_ms": 4.352099997049663,
      "evidence_ms": 0.4241999995429069,
      "generation_ms": 8461.037799999758,
      "total_ms": 8476.125199995295
    }
  }
}