{
  "p50_total_ms": 14912.04370000196,
  "p95_total_ms": 46169.048299998394,
  "per_query_total_ms": {
    "q1": 20585.43639999698,
    "q2": 10473.322400001052,
    "q3": 7340.080400004808,
    "q4": 26851.352300000144,
    "q5": 39065.70830000419,
    "q6": 57757.51619999937,
    "q7": 29474.963199994818,
    "q8": 20621.49369999679,
    "q9": 9087.433699998655,
    "q10": 46169.048299998394,
    "q11": 13306.464699999196,
    "q12": 11932.919099999708,
    "q13": 14912.04370000196,
    "q14": 10161.97409999586
  },
  "per_stage_ms": {
    "q1": {
      "index_ms": 87.75579999928595,
      "candidate_ms": 1.6758999990997836,
      "evidence_ms": 0.25999999343184754,
      "generation_ms": 20495.739899997716,
      "total_ms": 20585.43639999698
    },
    "q2": {
      "index_ms": 91.06740000424907,
      "candidate_ms": 1.906900004541967,
      "evidence_ms": 0.23399999918183312,
      "generation_ms": 10380.105899996124,
      "total_ms": 10473.322400001052
    },
    "q3": {
      "index_ms": 4.944899999827612,
      "candidate_ms": 1.6284000012092292,
      "evidence_ms": 0.20349999977042899,
      "generation_ms": 7333.298899997317,
      "total_ms": 7340.080400004808
    },
    "q4": {
      "index_ms": 4.681700003857259,
      "candidate_ms": 1.575599999341648,
      "evidence_ms": 0.18419999832985923,
      "generation_ms": 26844.906999998784,
      "total_ms": 26851.352300000144
    },
    "q5": {
      "index_ms": 9.67079999827547,
      "candidate_ms": 3.925000004528556,
      "evidence_ms": 0.6005999966873787,
      "generation_ms": 39051.50299999514,
      "total_ms": 39065.70830000419
    },
    "q6": {
      "index_ms": 5.187000002479181,
      "candidate_ms": 1.6120000000228174,
      "evidence_ms": 0.1807000007829629,
      "generation_ms": 57750.53079999634,
      "total_ms": 57757.51619999937
    },
    "q7": {
      "index_ms": 4.372099996544421,
      "candidate_ms": 1.8448999981046654,
      "evidence_ms": 0.21779999951831996,
      "generation_ms": 29468.522700000904,
      "total_ms": 29474.963199994818
    },
    "q8": {
      "index_ms": 7.055199996102601,
      "candidate_ms": 1.6629000019747764,
      "evidence_ms": 0.19350000366102904,
      "generation_ms": 20612.576800005627,
      "total_ms": 20621.49369999679
    },
    "q9": {
      "index_ms": 4.134199996769894,
      "candidate_ms": 1.3833999983035028,
      "evidence_ms": 0.16540000069653615,
      "generation_ms": 9081.745999996201,
      "total_ms": 9087.433699998655
    },
    "q10": {
      "index_ms": 4.400600002554711,
      "candidate_ms": 1.713700003165286,
      "evidence_ms": 0.19099999917671084,
      "generation_ms": 46162.74030000204,
      "total_ms": 46169.048299998394
    },
    "q11": {
      "index_ms": 3.1135000026552007,
      "candidate_ms": 1.436500002455432,
      "evidence_ms": 0.16950000281212851,
      "generation_ms": 13301.740499999141,
      "total_ms": 13306.464699999196
    },
    "q12": {
      "index_ms": 4.544499999610707,
      "candidate_ms": 1.6295000023092143,
      "evidence_ms": 0.1936999979079701,
      "generation_ms": 11926.542599998356,
      "total_ms": 11932.919099999708
    },
    "q13": {
      "index_ms": 32.149099999514874,
      "candidate_ms": 14.242799996281974,
      "evidence_ms": 1.984700000321027,
      "generation_ms": 14863.645700002962,
      "total_ms": 14912.04370000196
    },
    "q14": {
      "index_ms": 4.960499994922429,
      "candidate_ms": 1.3913000002503395,
      "evidence_ms": 0.1644000003580004,
      "generation_ms": 10155.45430000202,
      "total_ms": 10161.97409999586
    }
  }
}